article_headline,image_url
"How To Build a Task Manager API with NodeJS, Express, MongoDB, and Heroku","https://cdn.hashnode.com/res/hashnode/image/stock/unsplash/iJg1YzsEfqo/upload/ef4edaf9287bbbff8308f07a87c104c6.jpeg?w=1600&h=840&fit=crop&crop=entropy&auto=compress,format&format=webp"
The Role of Software Engineering in Building Secure and Scalable Blockchain Applications,"https://cdn.hashnode.com/res/hashnode/image/upload/v1682056792351/3c99f43d-3a3c-45d2-a012-20902e04f268.png?w=1600&h=840&fit=crop&crop=entropy&auto=compress,format&format=webp"
The Importance of User Experience in Software Engineering,"https://cdn.hashnode.com/res/hashnode/image/upload/v1682056448052/9b120031-1b17-4730-98cd-4e441219a076.jpeg?w=1600&h=840&fit=crop&crop=entropy&auto=compress,format&format=webp"
The Benefits of Using Version Control Systems Like Git in Software Development,"https://cdn.hashnode.com/res/hashnode/image/upload/v1682055846589/5ee8cb0c-88d3-4a97-b12c-b21ccc3c948c.jpeg?w=1600&h=840&fit=crop&crop=entropy&auto=compress,format&format=webp"
The Importance of Continuous Integration and Deployment(CI/CD),"https://cdn.hashnode.com/res/hashnode/image/upload/v1682055404010/66542223-dc89-4702-9941-3660452ee749.png?w=1600&h=840&fit=crop&crop=entropy&auto=compress,format&format=webp"
How to Create a Compiler with Rust and ZKP,"https://cdn.hashnode.com/res/hashnode/image/upload/v1682054607595/ffdfed73-7b43-46b5-810e-4b1b663b496a.png?w=1600&h=840&fit=crop&crop=entropy&auto=compress,format&format=webp"
Tutorial: How To Integrate APIs in Vanilla JavaScript,"https://cdn.hashnode.com/res/hashnode/image/stock/unsplash/FGXqbqbGt5o/upload/82babc69216512b729e1298853ae4bc6.jpeg?w=1600&h=840&fit=crop&crop=entropy&auto=compress,format&format=webp"
5 Best Websites for Beginners to Learn Coding for Free,"https://cdn.hashnode.com/res/hashnode/image/stock/unsplash/IgUR1iX0mqM/upload/2b2a10db31e1483b48f0c0953df203a7.jpeg?w=1600&h=840&fit=crop&crop=entropy&auto=compress,format&format=webp"
"Python Modules, Packages, and Conventions","https://cdn.hashnode.com/res/hashnode/image/stock/unsplash/vb-3qEe3rg8/upload/d71e4ab0a39e07c0c6071fc316421cb7.jpeg?w=1600&h=840&fit=crop&crop=entropy&auto=compress,format&format=webp"
"JavaScript Concepts: Object-Oriented Programming, Inheritance, Classes, Error Handling, Asynchronous Programming, Generators, and More","https://cdn.hashnode.com/res/hashnode/image/upload/v1677651485457/bd695427-aa75-4eeb-b9d3-8ed77ea289c4.jpeg?w=1600&h=840&fit=crop&crop=entropy&auto=compress,format&format=webp"
